<?xml version="1.0"?>
<!--<!DOCTYPE metadata SYSTEM "http://www.esri.com/metadata/esriprof80.dtd">-->
<metadata xml:lang="da"><Esri><MetaID>{E6ECBC64-0A1F-454A-A995-740582C6466C}</MetaID><CreaDate>20030401</CreaDate><CreaTime>16211700</CreaTime><SyncOnce>FALSE</SyncOnce><ModDate>20060821</ModDate><ModTime>14222400</ModTime><SyncDate>20060821</SyncDate><SyncTime>14222400</SyncTime></Esri><idinfo><citation><citeinfo><onlink Sync="TRUE">\\EEAPC6944\D$\WorkSpace\See_dataservice\WIR\alwdgg.img</onlink></citeinfo></citation></idinfo><distInfo><distributor><distorTran><onLineSrc><linkage Sync="TRUE">file://\\EEAPC7705\E$\Projects\tmp\DEM_geotiffEEA6106I\alwdgg.tif</linkage><protocol Sync="TRUE">Local Area Network</protocol><orDesc Sync="TRUE">002</orDesc></onLineSrc><transSize Sync="TRUE">0.000</transSize></distorTran><distorFormat><formatName Sync="TRUE">Raster Dataset</formatName></distorFormat></distributor></distInfo><dataqual><lineage><procstep><procdesc Sync="TRUE">Dataset moved.</procdesc><srcused Sync="TRUE">D:\WorkSpace\See_dataservice\alwdgg.img</srcused><date Sync="TRUE">20030401</date><time Sync="TRUE">16254500</time></procstep></lineage></dataqual><mdContact><rpOrgName>European Environment Agency</rpOrgName><rpCntInfo><cntAddress><delPoint>Kongens Nytorv 6</delPoint><city>Copenhagen</city><adminArea>K</adminArea><postCode>1050</postCode><country>Denmark</country><eMailAdd>eea@eea.eu.int</eMailAdd></cntAddress></rpCntInfo><role><RoleCd>007</RoleCd></role></mdContact><dataIdInfo><tpCat><TopicCatCd value="007"></TopicCatCd></tpCat><idCitation><resRefDate><refDateType><DateTypeCd value="003"></DateTypeCd></refDateType><refDate>19990101</refDate></resRefDate><resAltTitle>World digital elevation model</resAltTitle><resEd>1.0</resEd><resTitle Sync="TRUE">alwdgg.tif</resTitle><presForm><PresFormCd Sync="TRUE" value="005"></PresFormCd></presForm></idCitation><idAbs>ETOPO5 was generated from a digital data base of land and sea- floor elevations on a 5-minute latitude/longitude grid. The resolution of the gridded data varies from true 5-minute for the ocean floors, the USA., Europe, Japan,and Australia to 1 degree in data-deficient parts of Asia, South America, northern Canada, and Africa. Data sources are as follows: Ocean Areas: US Naval Oceanographic Ofice; USA., W. Europe, Japan/Korea: US Defense Mapping Agency; Australia: Bureau of Mineral Resources, Australia; New Zealand: Department of Industrial and Scientific Research, New Zealand; balance of world land masses: US Navy Fleet Numerical Oceanographic Center. These various data bases were originally assembled in 1988 into the worldwide 5-minute grid by Margo Edwards, then at Washington University, St. Louis, MO. 
</idAbs><descKeys><keyword>DEM</keyword><keyword>altimetry</keyword><keyword>elevation</keyword></descKeys><idPoC><role value="003"></role><rpOrgName>NOAA's National Geophysical Data Center (NGDC)</rpOrgName><rpCntInfo><cntAdress><city>E/GC 325 Broadway</city><adminArea>Boulder, Colorado</adminArea><postCode>80305-3328</postCode><country>USA</country></cntAdress></rpCntInfo></idPoC><dataLang><languageCode value=""></languageCode></dataLang><idPoC><role value="005"></role><rpOrgName>European Environment Agency</rpOrgName><rpCntInfo><cntAdress><delPoint>Kongens Nytorv 6</delPoint><city>Copenhagen</city><adminArea>K</adminArea><postCode>1050</postCode><country>Denmark</country><eMailAdd>eea@eea.eu.int</eMailAdd></cntAdress></rpCntInfo></idPoC><envirDesc Sync="TRUE">Microsoft Windows XP Version 5.1 (Build 2600) Service Pack 2; ESRI ArcCatalog 9.1.0.722</envirDesc><spatRpType><SpatRepTypCd Sync="TRUE" value="002"></SpatRepTypCd></spatRpType><dataExt><geoEle><GeoBndBox esriExtentType="native"><westBL Sync="TRUE">-180</westBL><eastBL Sync="TRUE">180</eastBL><northBL Sync="TRUE">90</northBL><southBL Sync="TRUE">-90</southBL><exTypeCode Sync="TRUE">1</exTypeCode></GeoBndBox><westBL>-180</westBL><eastBL>180</eastBL><northBL>90</northBL><southBL>-90</southBL></geoEle></dataExt><geoBox esriExtentType="decdegrees"><westBL Sync="TRUE">-180</westBL><eastBL Sync="TRUE">180</eastBL><northBL Sync="TRUE">90</northBL><southBL Sync="TRUE">-90</southBL><exTypeCode Sync="TRUE">1</exTypeCode></geoBox></dataIdInfo><mdConst><accessConsts><RestrictCd value=""></RestrictCd></accessConsts></mdConst><mdDateSt>20060821</mdDateSt><mdStanName>EEA-MSGI/ISO19115 (First Edition)</mdStanName><mdStanVer>EEA-MSGI 1.1d</mdStanVer><mdExtInfo><extEleInfo><extEleName>EEABriefAbstract</extEleName><extShortName>BrfAbsEEA</extShortName><extEleDef>Brief narrative summary of the content of the dataset (max. 100 characters)</extEleDef><eleDataType value="014"></eleDataType><extEleParEnt>Metadata/dataIdInfo/</extEleParEnt></extEleInfo><extEleInfo><extEleName>EEADatasetChanges</extEleName><extShortName>DataChgEEA</extShortName><extEleDef>Changes since last version of dataset</extEleDef><eleDataType value="014"></eleDataType><extEleParEnt>Metadata/dqInfo/</extEleParEnt></extEleInfo><extEleInfo><extEleName>EEAPublishStatus</extEleName><extShortName>PubStaEEA</extShortName><extEleDef>Dataset and metadata publish status</extEleDef><eleDataType value="014"></eleDataType><extEleParEnt>Metadata/dqInfo/</extEleParEnt></extEleInfo></mdExtInfo><mdLang><languageCode Sync="TRUE" value="en"></languageCode></mdLang><mdChar><CharSetCd Sync="TRUE" value="004"></CharSetCd></mdChar><mdHrLv><ScopeCd Sync="TRUE" value="005"></ScopeCd></mdHrLv><mdHrLvName Sync="TRUE">dataset</mdHrLvName><refSysInfo><refSysName><identCode>GCS_Clarke_1866</identCode></refSysName><datum><identCode>D_Clarke_1866</identCode></datum><ellipsoid><identCode>Clarke_1866</identCode><semiMajAx>6378206.4</semiMajAx><axisUnits>Degrees</axisUnits><denFlatRat>3.39007530408852E-03</denFlatRat></ellipsoid><RefSystem><refSysID><identCode Sync="TRUE">GCS_Clarke_1866</identCode></refSysID></RefSystem></refSysInfo><spdoinfo><rastinfo><rasttype Sync="TRUE">Pixel</rasttype><rowcount Sync="TRUE">2160</rowcount><colcount Sync="TRUE">4320</colcount><rastxsz Sync="TRUE">0.083333</rastxsz><rastysz Sync="TRUE">0.083333</rastysz><rastbpp Sync="TRUE">16</rastbpp><vrtcount Sync="TRUE">1</vrtcount><rastorig Sync="TRUE">Upper Left</rastorig><rastcmap Sync="TRUE">FALSE</rastcmap><rastcomp Sync="TRUE">None</rastcomp><rastband Sync="TRUE">1</rastband><rastdtyp Sync="TRUE">pixel codes</rastdtyp><rastplyr Sync="TRUE">TRUE</rastplyr><rastifor Sync="TRUE">TIFF</rastifor></rastinfo></spdoinfo><spatRepInfo><GridSpatRep><numDims Sync="TRUE">2</numDims><cellGeo><CellGeoCd Sync="TRUE" value="002"></CellGeoCd></cellGeo><tranParaAv Sync="TRUE">1</tranParaAv><axDimProps><Dimen><dimName><DimNameTypCd Sync="TRUE" value="002"></DimNameTypCd></dimName><dimSize Sync="TRUE">4320</dimSize><dimResol><value Sync="TRUE">0.083333</value><uom><UomLength><uomName Sync="TRUE">Degree</uomName></UomLength></uom></dimResol></Dimen><Dimen><dimName><DimNameTypCd Sync="TRUE" value="001"></DimNameTypCd></dimName><dimSize Sync="TRUE">2160</dimSize><dimResol><value Sync="TRUE">0.083333</value><uom><UomLength><uomName Sync="TRUE">Degree</uomName></UomLength></uom></dimResol></Dimen></axDimProps></GridSpatRep></spatRepInfo><spref><horizsys><planar><planci><plance Sync="TRUE">row and column</plance><coordrep><absres Sync="TRUE">0.083333</absres><ordres Sync="TRUE">0.083333</ordres></coordrep></planci></planar></horizsys></spref></metadata>
